post_id,title,text,post_type,author_name,score,num_comments,created_utc,created_datetime,url
1lprvvj,"Daily Discussion Thread for July 02, 2025",,unknown,wsbapp,8,23,1751450466.0,2025-07-02 10:01:06,https://www.reddit.com/r/wallstreetbets/comments/1lprvvj/daily_discussion_thread_for_july_02_2025/
1lproc4,üá∫üá∏ Key Notes from Powell‚Äôs Speech üëá,,unknown,Final-Big2785,90,10,1751449670.0,2025-07-02 09:47:50,https://i.redd.it/20b2emfymfaf1.jpeg
1lpq24d,First one‚Äôs free,,unknown,CryBTC,21,21,1751443066.0,2025-07-02 07:57:46,https://www.reddit.com/gallery/1lpq24d
1lpn3ja,Accidental gain,,unknown,xxxkaton,30,14,1751431726.0,2025-07-02 04:48:46,https://www.reddit.com/gallery/1lpn3ja
1lpmxot,Buy 12k of SPY puts so we can rally more,,unknown,Glad_Ad_4939,91,23,1751431172.0,2025-07-02 04:39:32,https://i.redd.it/i0pr1u634eaf1.jpeg
1lpienv,To Catch a Short: $HOOD Edition,,unknown,Anxious-Ad-7039,68,33,1751417080.0,2025-07-02 00:44:40,https://i.redd.it/ds2rs366ycaf1.jpeg
1lpgoai,TSLA puts have been fun this month,,unknown,Delulu_Ber_Ramblings,85,25,1751412166.0,2025-07-01 23:22:46,https://www.reddit.com/gallery/1lpgoai
1lpgn5w,Figma S1 Filed,,unknown,Strict_Air_333,95,73,1751412079.0,2025-07-01 23:21:19,https://www.reddit.com/r/wallstreetbets/comments/1lpgn5w/figma_s1_filed/
1lpdx6h,Good enough to post good enough to sell,,unknown,noobeater5,145,21,1751405066.0,2025-07-01 21:24:26,https://i.redd.it/yucvqvkgybaf1.jpeg
1lpd8pn,I just love the green sub headings,,unknown,Select-Session-5516,59,33,1751403443.0,2025-07-01 20:57:23,https://i.redd.it/l0w0pylmtbaf1.jpeg
1lpd548,TSLA YOLO JULY 1st,,unknown,zestyalmondss,25,12,1751403212.0,2025-07-01 20:53:32,https://i.redd.it/l8rh8n3ysbaf1.jpeg
1lpc74e,Bought the SPOT dip - 252k,,unknown,vmgVsup,54,15,1751400993.0,2025-07-01 20:16:33,https://i.redd.it/7y52ebmcmbaf1.jpeg
1lpbuuw,Goog & SPY gains,,unknown,gulaskek,49,22,1751400205.0,2025-07-01 20:03:25,https://i.redd.it/2gltsr40kbaf1.jpeg
1lpbue9,$17k MSTR YOLO,,unknown,Jebusfreek666,38,52,1751400177.0,2025-07-01 20:02:57,https://www.reddit.com/r/wallstreetbets/comments/1lpbue9/17k_mstr_yolo/
1lpbpcd,"What Are Your Moves Tomorrow, July 02, 2025",,unknown,wsbapp,257,6246,1751399853.0,2025-07-01 19:57:33,https://www.reddit.com/r/wallstreetbets/comments/1lpbpcd/what_are_your_moves_tomorrow_july_02_2025/
1lpbhl4,F u unh,,unknown,noClip2,145,104,1751399335.0,2025-07-01 19:48:55,https://i.redd.it/5xz2m23fhbaf1.jpeg
1lpbb1u,$17.5K on Google,,unknown,dynamic-burrito,198,28,1751398906.0,2025-07-01 19:41:46,https://i.redd.it/ha70kprwfbaf1.png
1lpapda,Screw MSTR. All in AAPL and NVDA short term calls,,unknown,WhoRuleTheWorld,45,23,1751397492.0,2025-07-01 19:18:12,https://i.redd.it/vvcskzsxbbaf1.jpeg
1lp9f83,Shout out Elons dealer,,unknown,throwawayben1992,307,29,1751394572.0,2025-07-01 18:29:32,https://i.redd.it/c5la7hb93baf1.jpeg
1lp99q2,Goog buy buy buy,,unknown,AdditionalNothing997,39,11,1751394212.0,2025-07-01 18:23:32,https://i.redd.it/yjvleun62baf1.jpeg
1lp4wi1,CRWV 9K  My Contrarian Move,,unknown,yxqjc2,20,10,1751384315.0,2025-07-01 15:38:35,https://i.redd.it/cjc1vfmg7aaf1.jpeg
1lp4ux5,Nana didn‚Äôt hear no bell. INTC yolo.,,unknown,versello,964,203,1751384217.0,2025-07-01 15:36:57,https://i.redd.it/o7j26bqg8aaf1.jpeg
1lp4ubc,I love reddit.,,unknown,SHOLOLOLOLOLOLO,215,19,1751384177.0,2025-07-01 15:36:17,https://i.redd.it/267j28ac8aaf1.jpeg
1lp4s7h,HOOD/SPY Gains,,unknown,SWHY_KEY,17,6,1751384047.0,2025-07-01 15:34:07,https://i.redd.it/97ytn9cy7aaf1.jpeg
1lp4m4u,$176k KSS YOLO update.  Getting myself some Kohl's Cash,,unknown,DarklyAdonic,44,23,1751383662.0,2025-07-01 15:27:42,https://i.redd.it/9a7rmv0j6aaf1.png
1lp4lqu,Still all in on FUBO,,unknown,shoop_da_woop12,10,22,1751383637.0,2025-07-01 15:27:17,https://i.redd.it/i8bvquqq6aaf1.jpeg
1lp4kb5,"Nice 0DTE SPY scalp for almost $6k, with scaling and exit strategy explained",,unknown,Jebusfreek666,27,31,1751383549.0,2025-07-01 15:25:49,https://www.reddit.com/r/wallstreetbets/comments/1lp4kb5/nice_0dte_spy_scalp_for_almost_6k_with_scaling/
1lp3sd2,IREN Play Gain,,unknown,Gentleman-Dreamer,16,8,1751381778.0,2025-07-01 14:56:18,https://www.reddit.com/gallery/1lp3sd2
1lp3rql,Never give up. $25k ->$10k -> $75k,,unknown,BeneficialBuffalo815,620,76,1751381735.0,2025-07-01 14:55:35,https://www.reddit.com/gallery/1lp3rql
1lp357a,$BBAI YOLO CALLS,,unknown,No-Adagio-8569,32,23,1751380191.0,2025-07-01 14:29:51,https://www.reddit.com/gallery/1lp357a
1lp2ztd,What companies will benefit from the big beautiful bill? What is everyone holding?,,unknown,NonimiJewelry,526,602,1751379819.0,2025-07-01 14:23:39,https://www.reddit.com/r/wallstreetbets/comments/1lp2ztd/what_companies_will_benefit_from_the_big/
1lp2mvo,135 shares of TSLA,,unknown,AxemanFromMA,15,45,1751378926.0,2025-07-01 14:08:46,https://i.redd.it/3ug3dgdqs9af1.jpeg
1lp2lqa,"$14k in a day (TSLA Puts), thank you Mr. President ü´°",,unknown,SmokingFrog,292,32,1751378844.0,2025-07-01 14:07:24,https://i.redd.it/oag2limhs9af1.jpeg
1lp287o,"TSLA fell, and I rose. That's balance",,unknown,Tonloc56,34,4,1751377918.0,2025-07-01 13:51:58,https://i.redd.it/2yxk97ffp9af1.jpeg
1lp23yv,5k in 1 Minute | Tks Elon ü§ôüèæ,,unknown,webhawaii,219,28,1751377620.0,2025-07-01 13:47:00,https://i.redd.it/l6k7gsjuo9af1.jpeg
1loxqll,"Daily Discussion Thread for July 01, 2025",,unknown,wsbapp,222,11936,1751364147.0,2025-07-01 10:02:27,https://www.reddit.com/r/wallstreetbets/comments/1loxqll/daily_discussion_thread_for_july_01_2025/
1loscsg,I think I did it again,,unknown,Chummyterror,4320,342,1751343262.0,2025-07-01 04:14:22,https://www.reddit.com/gallery/1loscsg
1lorna2,HOOD just keeps going upüòÆ‚Äçüí®üöÄü¶Ö,,unknown,theviableredditor,166,45,1751340939.0,2025-07-01 03:35:39,https://www.reddit.com/gallery/1lorna2
1lorhdt,Why have people been arguing that Q1 GDP was negative due to front loading imports?,,unknown,Soap878,6,23,1751340389.0,2025-07-01 03:26:29,https://www.reddit.com/r/wallstreetbets/comments/1lorhdt/why_have_people_been_arguing_that_q1_gdp_was/
1lor268,$SOFI Gains (+$152k),,unknown,sundowner89,188,18,1751339069.0,2025-07-01 03:04:29,https://i.redd.it/3af81yt7i6af1.jpeg
1loqevd,Almost 100k invested at 20 years old,,unknown,Turbulent-Ad-6344,0,53,1751337079.0,2025-07-01 02:31:19,https://www.reddit.com/gallery/1loqevd
1loq2zy,$HOOD Gains ($116k),,unknown,sundowner89,445,36,1751336064.0,2025-07-01 02:14:24,https://i.redd.it/pbzfys5a96af1.jpeg
1lopq3p,Naming my first born Vlad,,unknown,A-Z-T-3-K,55,23,1751335005.0,2025-07-01 01:56:45,https://i.redd.it/o2e66un466af1.jpeg
1lopm2q,$BBAI‚Äôs a üèÉ‚Äç‚ôÇÔ∏èüí®,,unknown,Turbulent_Top6934,38,18,1751334666.0,2025-07-01 01:51:06,https://i.redd.it/mob532j456af1.jpeg
1lopfgk,Full Port ROTH IRA w/ $AAPL,,unknown,Purple_Arm_105,39,21,1751334117.0,2025-07-01 01:41:57,https://www.reddit.com/gallery/1lopfgk
1lop0tu,my entire port on hood,,unknown,pltregard,85,27,1751332907.0,2025-07-01 01:21:47,https://www.reddit.com/gallery/1lop0tu
1lookl5,I converted the entirety of my Roth IRA to HOOD LEAPS a couple weeks ago,,unknown,1ThousandDollarBill,1016,164,1751331592.0,2025-07-01 00:59:52,https://www.reddit.com/gallery/1lookl5
1loo865,"You thought betting against NVDA was retarded? | $10k into CONI, inverse Coinbase üò∏",,unknown,fuzzywuzzy123,24,19,1751330562.0,2025-07-01 00:42:42,https://i.redd.it/90ozaehks5af1.png
1loo43d,HOOD buy and hold since last April,,unknown,GustavGuiermo,441,43,1751330222.0,2025-07-01 00:37:02,https://i.redd.it/78hg4ovwr5af1.png
1lol4rj,$BULL,,unknown,Repulsive_Night_15,588,125,1751322125.0,2025-06-30 22:22:05,https://i.redd.it/q4a0ny2u35af1.jpeg
