post_id,title,score,created_utc,num_comments,url,author_name
1lprvvj,"Daily Discussion Thread for July 02, 2025",8,1751450466.0,23,https://www.reddit.com/r/wallstreetbets/comments/1lprvvj/daily_discussion_thread_for_july_02_2025/,wsbapp
1lproc4,ğŸ‡ºğŸ‡¸ Key Notes from Powellâ€™s Speech ğŸ‘‡,90,1751449670.0,10,https://i.redd.it/20b2emfymfaf1.jpeg,Final-Big2785
1lpq24d,First oneâ€™s free,21,1751443066.0,21,https://www.reddit.com/gallery/1lpq24d,CryBTC
1lpn3ja,Accidental gain,30,1751431726.0,14,https://www.reddit.com/gallery/1lpn3ja,xxxkaton
1lpmxot,Buy 12k of SPY puts so we can rally more,91,1751431172.0,23,https://i.redd.it/i0pr1u634eaf1.jpeg,Glad_Ad_4939
1lpienv,To Catch a Short: $HOOD Edition,68,1751417080.0,33,https://i.redd.it/ds2rs366ycaf1.jpeg,Anxious-Ad-7039
1lpgoai,TSLA puts have been fun this month,85,1751412166.0,25,https://www.reddit.com/gallery/1lpgoai,Delulu_Ber_Ramblings
1lpgn5w,Figma S1 Filed,95,1751412079.0,73,https://www.reddit.com/r/wallstreetbets/comments/1lpgn5w/figma_s1_filed/,Strict_Air_333
1lpdx6h,Good enough to post good enough to sell,145,1751405066.0,21,https://i.redd.it/yucvqvkgybaf1.jpeg,noobeater5
1lpd8pn,I just love the green sub headings,59,1751403443.0,33,https://i.redd.it/l0w0pylmtbaf1.jpeg,Select-Session-5516
1lpd548,TSLA YOLO JULY 1st,25,1751403212.0,12,https://i.redd.it/l8rh8n3ysbaf1.jpeg,zestyalmondss
1lpc74e,Bought the SPOT dip - 252k,54,1751400993.0,15,https://i.redd.it/7y52ebmcmbaf1.jpeg,vmgVsup
1lpbuuw,Goog & SPY gains,49,1751400205.0,22,https://i.redd.it/2gltsr40kbaf1.jpeg,gulaskek
1lpbue9,$17k MSTR YOLO,38,1751400177.0,52,https://www.reddit.com/r/wallstreetbets/comments/1lpbue9/17k_mstr_yolo/,Jebusfreek666
1lpbpcd,"What Are Your Moves Tomorrow, July 02, 2025",257,1751399853.0,6246,https://www.reddit.com/r/wallstreetbets/comments/1lpbpcd/what_are_your_moves_tomorrow_july_02_2025/,wsbapp
1lpbhl4,F u unh,145,1751399335.0,104,https://i.redd.it/5xz2m23fhbaf1.jpeg,noClip2
1lpbb1u,$17.5K on Google,198,1751398906.0,28,https://i.redd.it/ha70kprwfbaf1.png,dynamic-burrito
1lpapda,Screw MSTR. All in AAPL and NVDA short term calls,45,1751397492.0,23,https://i.redd.it/vvcskzsxbbaf1.jpeg,WhoRuleTheWorld
1lp9f83,Shout out Elons dealer,307,1751394572.0,29,https://i.redd.it/c5la7hb93baf1.jpeg,throwawayben1992
1lp99q2,Goog buy buy buy,39,1751394212.0,11,https://i.redd.it/yjvleun62baf1.jpeg,AdditionalNothing997
1lp4wi1,CRWV 9K  My Contrarian Move,20,1751384315.0,10,https://i.redd.it/cjc1vfmg7aaf1.jpeg,yxqjc2
1lp4ux5,Nana didnâ€™t hear no bell. INTC yolo.,964,1751384217.0,203,https://i.redd.it/o7j26bqg8aaf1.jpeg,versello
1lp4ubc,I love reddit.,215,1751384177.0,19,https://i.redd.it/267j28ac8aaf1.jpeg,SHOLOLOLOLOLOLO
1lp4s7h,HOOD/SPY Gains,17,1751384047.0,6,https://i.redd.it/97ytn9cy7aaf1.jpeg,SWHY_KEY
1lp4m4u,$176k KSS YOLO update.  Getting myself some Kohl's Cash,44,1751383662.0,23,https://i.redd.it/9a7rmv0j6aaf1.png,DarklyAdonic
1lp4lqu,Still all in on FUBO,10,1751383637.0,22,https://i.redd.it/i8bvquqq6aaf1.jpeg,shoop_da_woop12
1lp4kb5,"Nice 0DTE SPY scalp for almost $6k, with scaling and exit strategy explained",27,1751383549.0,31,https://www.reddit.com/r/wallstreetbets/comments/1lp4kb5/nice_0dte_spy_scalp_for_almost_6k_with_scaling/,Jebusfreek666
1lp3sd2,IREN Play Gain,16,1751381778.0,8,https://www.reddit.com/gallery/1lp3sd2,Gentleman-Dreamer
1lp3rql,Never give up. $25k ->$10k -> $75k,620,1751381735.0,76,https://www.reddit.com/gallery/1lp3rql,BeneficialBuffalo815
1lp357a,$BBAI YOLO CALLS,32,1751380191.0,23,https://www.reddit.com/gallery/1lp357a,No-Adagio-8569
1lp2ztd,What companies will benefit from the big beautiful bill? What is everyone holding?,526,1751379819.0,602,https://www.reddit.com/r/wallstreetbets/comments/1lp2ztd/what_companies_will_benefit_from_the_big/,NonimiJewelry
1lp2mvo,135 shares of TSLA,15,1751378926.0,45,https://i.redd.it/3ug3dgdqs9af1.jpeg,AxemanFromMA
1lp2lqa,"$14k in a day (TSLA Puts), thank you Mr. President ğŸ«¡",292,1751378844.0,32,https://i.redd.it/oag2limhs9af1.jpeg,SmokingFrog
1lp287o,"TSLA fell, and I rose. That's balance",34,1751377918.0,4,https://i.redd.it/2yxk97ffp9af1.jpeg,Tonloc56
1lp23yv,5k in 1 Minute | Tks Elon ğŸ¤™ğŸ¾,219,1751377620.0,28,https://i.redd.it/l6k7gsjuo9af1.jpeg,webhawaii
1loxqll,"Daily Discussion Thread for July 01, 2025",222,1751364147.0,11936,https://www.reddit.com/r/wallstreetbets/comments/1loxqll/daily_discussion_thread_for_july_01_2025/,wsbapp
1loscsg,I think I did it again,4320,1751343262.0,342,https://www.reddit.com/gallery/1loscsg,Chummyterror
1lorna2,HOOD just keeps going upğŸ˜®â€ğŸ’¨ğŸš€ğŸ¦…,166,1751340939.0,45,https://www.reddit.com/gallery/1lorna2,theviableredditor
1lorhdt,Why have people been arguing that Q1 GDP was negative due to front loading imports?,6,1751340389.0,23,https://www.reddit.com/r/wallstreetbets/comments/1lorhdt/why_have_people_been_arguing_that_q1_gdp_was/,Soap878
1lor268,$SOFI Gains (+$152k),188,1751339069.0,18,https://i.redd.it/3af81yt7i6af1.jpeg,sundowner89
1loqevd,Almost 100k invested at 20 years old,0,1751337079.0,53,https://www.reddit.com/gallery/1loqevd,Turbulent-Ad-6344
1loq2zy,$HOOD Gains ($116k),445,1751336064.0,36,https://i.redd.it/pbzfys5a96af1.jpeg,sundowner89
1lopq3p,Naming my first born Vlad,55,1751335005.0,23,https://i.redd.it/o2e66un466af1.jpeg,A-Z-T-3-K
1lopm2q,$BBAIâ€™s a ğŸƒâ€â™‚ï¸ğŸ’¨,38,1751334666.0,18,https://i.redd.it/mob532j456af1.jpeg,Turbulent_Top6934
1lopfgk,Full Port ROTH IRA w/ $AAPL,39,1751334117.0,21,https://www.reddit.com/gallery/1lopfgk,Purple_Arm_105
1lop0tu,my entire port on hood,85,1751332907.0,27,https://www.reddit.com/gallery/1lop0tu,pltregard
1lookl5,I converted the entirety of my Roth IRA to HOOD LEAPS a couple weeks ago,1016,1751331592.0,164,https://www.reddit.com/gallery/1lookl5,1ThousandDollarBill
1loo865,"You thought betting against NVDA was retarded? | $10k into CONI, inverse Coinbase ğŸ˜¸",24,1751330562.0,19,https://i.redd.it/90ozaehks5af1.png,fuzzywuzzy123
1loo43d,HOOD buy and hold since last April,441,1751330222.0,43,https://i.redd.it/78hg4ovwr5af1.png,GustavGuiermo
1lol4rj,$BULL,588,1751322125.0,125,https://i.redd.it/q4a0ny2u35af1.jpeg,Repulsive_Night_15
